base_cells,method,active_cells,peak_stored_cells,cell_updates,l1,l2,linf,mass_error,runtime_median_s,runtime_min_s,runtime_max_s,repeats
32,uniform_coarse,32,32,384,0.027944968320437892,0.047682398849519365,0.1507451151792849,0.0,0.0003861000295728445,0.0003649999853223562,0.00043349998304620385,7
32,refluxed_amr,56,80,1512,0.01574762074916695,0.027671048782298008,0.08754144067528835,0.0,0.0065395000274293125,0.006175399990752339,0.008057700004428625,7
32,uniform_fine,64,64,1536,0.014860860750916803,0.02615575781315828,0.08277843979199906,-8.348356728138384e-18,0.0006707999855279922,0.0006576000014320016,0.0007015999872237444,7
64,uniform_coarse,64,64,1536,0.014860860750916803,0.02615575781315828,0.08277843979199906,-8.348356728138384e-18,0.0006582000060006976,0.0006533999694511294,0.0012926000053994358,7
64,refluxed_amr,99,136,4888,0.008001541236719987,0.014202293419810207,0.0459737813432195,-2.7755575615628914e-17,0.010080199979711324,0.009752899990417063,0.01187220000429079,7
64,uniform_fine,128,128,6144,0.007760585557732686,0.013780535466484597,0.044617180817461355,-1.561822875618523e-17,0.001292100001592189,0.0012804000289179385,0.001333199965301901,7
128,uniform_coarse,128,128,6144,0.007760585557732686,0.013780535466484597,0.044617180817461355,-1.561822875618523e-17,0.0012919000000692904,0.0012774000060744584,0.0013553000171668828,7
128,refluxed_amr,186,244,17152,0.004030881142798936,0.0071889597187105355,0.02345560085256182,0.0,0.02103569998871535,0.02051890001166612,0.0218104999512434,7
128,uniform_fine,256,256,24576,0.003966866504487656,0.00708539156063031,0.023092927717260125,0.0,0.0027172999689355493,0.0027003000141121447,0.003500399994663894,7
