base_cells,method,final_active_cells,peak_active_cells,peak_stored_cells,final_refined_fraction,cell_updates,coarse_steps,fine_steps,regrid_events,max_regrid_mass_change,l1,l2,linf,mass_error,runtime_median_s,runtime_min_s,runtime_max_s,repeats
32,uniform_coarse,32,32,32,0.0,64,2,0,0,0.0,0.000919716763542877,0.0018214379963949782,0.005407239454461865,8.673617379884035e-19,0.0005931999767199159,0.0005766999674960971,0.0007073000306263566,15
32,dynamic_amr,54,54,76,0.6875,384,2,8,1,0.0,0.0004198129374177694,0.0007748532715876499,0.002531789877536772,0.0,0.0024130999809131026,0.002328599977772683,0.0026020000223070383,15
32,uniform_fine,64,64,64,0.0,384,6,0,0,0.0,0.0002829378234426717,0.0005259808032670959,0.0017193825342024516,9.64939933512099e-18,0.000804100011009723,0.0007866999949328601,0.0008650000090710819,15
64,uniform_coarse,64,64,64,0.0,384,6,0,0,0.0,0.0002829378234426717,0.0005259808032670959,0.0017193825342024516,9.64939933512099e-18,0.0007995000341907144,0.0007864999934099615,0.0010478999465703964,15
64,dynamic_amr,98,98,132,0.53125,1920,6,24,2,2.7755575615628914e-17,8.226533063082816e-05,0.00015356610288731485,0.0005147396310398733,2.7755575615628914e-17,0.004853100050240755,0.004787900019437075,0.0051995000103488564,15
64,uniform_fine,128,128,128,0.0,2688,21,0,0,0.0,6.971867011790471e-05,0.00013037946809869746,0.00043679964314047304,9.850081106544597e-18,0.001448800030630082,0.0014054999919608235,0.0016089999699033797,15
128,uniform_coarse,128,128,128,0.0,2688,21,0,0,0.0,6.971867011790471e-05,0.00013037946809869746,0.00043679964314047304,9.850081106544597e-18,0.0014356999890878797,0.0014171000220812857,0.0017279000021517277,15
128,dynamic_amr,188,188,248,0.46875,12192,21,84,3,2.7755575615628914e-17,1.9493879764721337e-05,3.478372631144762e-05,0.00011470089120224625,0.0,0.014023099967744201,0.013573900039773434,0.017558099993038923,15
128,uniform_fine,256,256,256,0.0,20992,82,0,0,0.0,1.7722771662482838e-05,3.306025462323495e-05,0.00011143763619037017,8.131516293641283e-18,0.003683399991132319,0.0035616999957710505,0.0038216999964788556,15
