base_cells,refine_threshold,derefine_threshold,buffer_cells,final_active_cells,peak_active_cells,peak_stored_cells,final_refined_fraction,cell_updates,coarse_steps,fine_steps,regrid_events,max_regrid_mass_change,l1,l2,linf,mass_error,runtime_median_s,runtime_min_s,runtime_max_s,repeats
64,0.5,0.25,2,96,96,128,0.5,1824,6,24,2,0.0,8.243882658009377e-05,0.000153850474156136,0.0005147396310398733,2.7755575615628914e-17,0.004875699989497662,0.004783299984410405,0.004997299984097481,15
64,0.5,0.25,4,100,100,136,0.5625,2016,6,24,2,2.7755575615628914e-17,8.224765286834053e-05,0.00015364823194944768,0.0005147396310398733,0.0,0.004864500020630658,0.004792299994733185,0.005131399957463145,15
64,0.5,0.25,8,108,108,152,0.6875,2400,6,24,2,5.551115123125783e-17,8.22464753498475e-05,0.00015374208498595586,0.0005147396310398733,2.7755575615628914e-17,0.005008900014217943,0.004851900041103363,0.006233799969777465,15
64,1.0,0.5,2,94,94,124,0.46875,1728,6,24,2,2.7755575615628914e-17,8.446159630274907e-05,0.00015637138993348574,0.0005147396310398733,2.7755575615628914e-17,0.00488940003560856,0.004800700000487268,0.005039299954660237,15
64,1.0,0.5,4,98,98,132,0.53125,1920,6,24,2,2.7755575615628914e-17,8.226533063082816e-05,0.00015356610288731485,0.0005147396310398733,2.7755575615628914e-17,0.00489809998543933,0.004785299999639392,0.005358099995646626,15
64,1.0,0.5,8,106,106,148,0.65625,2304,6,24,2,2.7755575615628914e-17,8.224647535909521e-05,0.00015374066425670672,0.0005147396310398733,0.0,0.005023500008974224,0.004848999960813671,0.005717099993489683,15
64,2.0,1.0,2,92,92,120,0.4375,1600,6,24,2,2.7755575615628914e-17,0.00011245218513118163,0.00017782864004095794,0.0005147396310398733,2.7755575615628914e-17,0.004845899995416403,0.004676499986089766,0.005209699971601367,15
64,2.0,1.0,4,96,96,128,0.5,1792,6,24,2,2.7755575615628914e-17,8.484097938837702e-05,0.00015485597656198814,0.0005147396310398733,5.551115123125783e-17,0.004927300033159554,0.004695400013588369,0.006528600002638996,15
64,2.0,1.0,8,104,104,144,0.625,2176,6,24,2,5.551115123125783e-17,8.224647631215863e-05,0.0001537348497247398,0.0005147396310398733,0.0,0.0049106000224128366,0.004759999981615692,0.005366199999116361,15
